email,firstName,lastName,companyName,campaignId,customOpeningLine
leif.hansen@behavioral-analytics.io,Leif,Hansen,Behavioral Analytics Corp,cam_mJ9mgzqAxtyet3wc8,"I noticed your recent work on behavioral pattern recognition—as someone who specializes in reading micro-expressions and communication patterns, I imagine maintaining data security during client assessments is a top priority for you."
josh.harvest@stratconsult.com,Josh,Harvest,Strategic Consulting Group,cam_mJ9mgzqAxtyet3wc8,"Your rapid rise to senior consultant at 21 is impressive; with your expertise spanning finance, CS, and strategy, I'm sure preventing credential exposure across multiple client environments is critical to maintaining that competitive edge."
yuri.achaev@quanthedge.capital,Yuri,Achaev,QuantHedge Capital,cam_EZxtcqqTNYrCCkWSy,"As a finance student transitioning into quantitative trading, I imagine you're very aware of how a single exposed API key in a trading algorithm could compromise an entire strategy—let alone a portfolio."
zach.fraser@pixelshift.games,Zachary,Fraser,PixelShift Gaming,cam_CiGwijNTC7E6jPFd4,"Saw your team's indie game launch on Steam—congrats on the Early Access numbers! With rapid iteration cycles and small dev teams, I'm sure keeping secrets out of your public repos is always top of mind."
lena.voss@neural-systems.ai,Elena,Voss,Neural Systems AI,cam_mJ9mgzqAxtyet3wc8,"Your work on medical diagnostic AI systems is fascinating; given the sensitivity of healthcare data and the complexity of your ML pipelines, preventing secret exposure in training environments must be non-negotiable."
aiden.mcgrath@metro-pd.gov,Aiden,McGrath,Metropolitan Police Department,cam_EZxtcqqTNYrCCkWSy,"As a detective managing sensitive case data and coordinating with external analysts, ensuring that investigation credentials don't leak through collaboration tools is probably a constant concern."
jessica.harvest@harvest-media.com,Jessica,Harvest,Harvest Media Productions,cam_CiGwijNTC7E6jPFd4,"Your family's publishing empire has gone digital in a big way—I imagine that managing content management system credentials across dozens of authors and editors while maintaining security is a fascinating challenge."
rena.fraser@alpine-capital.ch,Rena,Fraser,Alpine Capital Management,cam_mJ9mgzqAxtyet3wc8,"Running compliance for a hedge fund means you're constantly balancing speed with security; I'm sure preventing developers from hardcoding Bloomberg API keys or database credentials is a recurring nightmare."
elias.mercer@arctic-tech.no,Elias,Mercer,Arctic Technologies,cam_EZxtcqqTNYrCCkWSy,"Your focus on cold-weather IoT systems is unique; with devices deployed across remote locations and limited connectivity, ensuring firmware doesn't ship with hardcoded credentials must be critical."
kristen.park@precinct-labs.io,Kristen,Park,Precinct Labs,cam_CiGwijNTC7E6jPFd4,"Saw your presentation on forensic data pipelines at last year's security conference; with the chain of custody requirements and multiple agency integrations, preventing credential exposure must be paramount."
alfred.hansen@scandinavia-bio.se,Alfred,Hansen,Scandinavia Biotech,cam_mJ9mgzqAxtyet3wc8,"In biotech R&D, especially with your focus on genetic sequencing, I imagine the combination of valuable IP and sensitive research data makes secrets management a board-level concern."
mina.rodriguez@cognitive-health.org,Mina,Rodriguez,Cognitive Health Institute,cam_EZxtcqqTNYrCCkWSy,"Your research on anxiety disorders and behavioral therapy is groundbreaking; given HIPAA requirements and the sensitivity of patient data, I'm sure your team is meticulous about protecting credentials in your research systems."